4;;;24.03.2023-22:05:49
34;;;24.03.2023-23:32:41
44;;;25.03.2023-00:51:15
55;;;25.03.2023-00:55:16
32;;;25.03.2023-01:03:58
54;;;25.03.2023-01:19:54
45;;;25.03.2023-01:23:05
31;;;25.03.2023-01:31:55
43;wdfg;xcvb;25.03.2023-07:36:34
342;fgh;xcvb;25.03.2023-08:34:20
53;;;25.03.2023-16:15:30
3;;;25.03.2023-16:17:18
2;;;25.03.2023-16:25:49
6;;;25.03.2023-16:33:37
8;;;25.03.2023-16:35:33
10;;;25.03.2023-16:36:51
24;;;25.03.2023-16:42:30
22;;;25.03.2023-16:47:16
324;;;25.03.2023-16:49:12
25;;;25.03.2023-17:44:35
